<?xml version="1.0" encoding="utf-8" ?>
<ThingDefs>


  <ThingDef Name="BaseStarfleetGun" Abstract="True">
    <category>Item</category>
    <thingClass>ThingWithComps</thingClass>
    <equipmentType>Primary</equipmentType>
    <pathCost>10</pathCost>
    <useHitPoints>True</useHitPoints>
    <selectable>True</selectable>
    <graphicData>
      <onGroundRandomRotateAngle>35</onGroundRandomRotateAngle>
    </graphicData>
    <drawGUIOverlay>true</drawGUIOverlay>
    <statBases>
      <MaxHitPoints>100</MaxHitPoints>
      <Flammability>1.0</Flammability>
      <DeteriorationRate>2</DeteriorationRate>
      <SellPriceFactor>0.5</SellPriceFactor>
    </statBases>
    <altitudeLayer>Item</altitudeLayer>
    <alwaysHaulable>True</alwaysHaulable>
    <tickerType>Never</tickerType>
    <techLevel>Industrial</techLevel>
    <weaponTags>
       <li>StarfleetT1</li>
	   <li>StarfleetT2</li>
    </weaponTags>
    <thingCategories>
      <li>WeaponsRanged</li>
    </thingCategories>
    <inspectorTabs>
      <li>ITab_Art</li>
    </inspectorTabs>
    <comps>
      <li Class="CompProperties_Forbiddable"/>
      <li>
        <compClass>CompEquippable</compClass>
      </li>
      <li>
        <compClass>CompQuality</compClass>
      </li>
      <li Class="CompProperties_Art">
        <nameMaker>ArtName_WeaponGun</nameMaker>
        <descriptionMaker>ArtDescription_WeaponGun</descriptionMaker>
        <minQualityForArtistic>Excellent</minQualityForArtistic>
      </li>
    </comps>
    <recipeMaker>
      <workSpeedStat>SmithingSpeed</workSpeedStat>
      <workSkill>Crafting</workSkill>
      <effectWorking>Smith</effectWorking>
      <soundWorking>Recipe_Smith</soundWorking>
      <recipeUsers>
        <li>TableMachining</li>
		<li>Replicator</li>
      </recipeUsers>
      <unfinishedThingDef>UnfinishedGun</unfinishedThingDef>
    </recipeMaker>
    <smeltProducts>
      <Steel>20</Steel>
    </smeltProducts>
  </ThingDef>
  
  <!-- ============================================== -->
  

  <ThingDef ParentName="BaseBullet">
    <defName>Bullet_PhaserHand</defName>
    <label>Phased Blast</label>
    <graphicData>
      <texPath>Things/Federation/Projectiles/PhaserBeam</texPath>
      <graphicClass>Graphic_Single</graphicClass>
    </graphicData>
    <projectile>
      <flyOverhead>false</flyOverhead>
      <damageDef>Burn</damageDef>
      <DamageAmountBase>30</DamageAmountBase>
      <Speed>70</Speed>
    </projectile>
  </ThingDef>
  
    <ThingDef ParentName="BaseBullet">
    <defName>Bullet_PhaserRifle</defName>
    <label>Phased blast</label>
    <graphicData>
      <texPath>Things/Federation/Projectiles/PhaseCannonBlast</texPath>
      <graphicClass>Graphic_Single</graphicClass>
    </graphicData>
    <projectile>
      <flyOverhead>false</flyOverhead>
      <damageDef>Burn</damageDef>
      <DamageAmountBase>35</DamageAmountBase>
      <Speed>85</Speed>
    </projectile>
  </ThingDef>
  
      <ThingDef ParentName="BaseBullet">
    <defName>Bullet_PhaserPulse</defName>
    <label>Phased pulse</label>
    <graphicData>
      <texPath>Things/Federation/Projectiles/PhaseCannonBlast</texPath>
      <graphicClass>Graphic_Single</graphicClass>
    </graphicData>
    <projectile>
      <flyOverhead>false</flyOverhead>
      <damageDef>Burn</damageDef>
      <DamageAmountBase>22</DamageAmountBase>
      <Speed>80</Speed>
    </projectile>
  </ThingDef>
  
        <ThingDef ParentName="BaseBullet">
    <defName>Bullet_PulsePlasma</defName>
    <label>Phased pulse</label>
    <graphicData>
      <texPath>Things/Federation/Projectiles/Plasma</texPath>
      <graphicClass>Graphic_Single</graphicClass>
    </graphicData>
    <projectile>
      <flyOverhead>false</flyOverhead>
      <damageDef>Burn</damageDef>
      <DamageAmountBase>23</DamageAmountBase>
      <Speed>85</Speed>
    </projectile>
  </ThingDef>
  
 
  <ThingDef ParentName="BaseStarfleetGun">
    <defName>HandPhaser</defName>
    <label>Hand Phaser Type 2</label>
    <description>A type 2 style hand phaser, commonly deployed to personnell on starships or on the ground. Powerful. Phase blasts often result in deep, difficult to treat burns.</description>
    <graphicData>
      <texPath>Things/Federation/Weapons/Phaser</texPath>
      <graphicClass>Graphic_Single</graphicClass>
    </graphicData>
    <soundInteract>InteractPistol</soundInteract>
    <statBases>
      <WorkToMake>26000</WorkToMake>
	  <Mass>1.4</Mass>
      <MarketValue>500</MarketValue>
      <AccuracyTouch>0.35</AccuracyTouch>
      <AccuracyShort>0.9</AccuracyShort>
      <AccuracyMedium>0.75</AccuracyMedium>
      <AccuracyLong>0.65</AccuracyLong>
      <RangedWeapon_Cooldown>2</RangedWeapon_Cooldown>
    </statBases>
    <costList>
      <Steel>50</Steel>
      <Component>3</Component>
    </costList>
    <recipeMaker>
      <researchPrerequisite>StarfleetT1</researchPrerequisite>
    </recipeMaker>
    <weaponTags>
      <li>StarfleetT3</li>
    </weaponTags>
    <verbs>
      <li>
        <verbClass>Verb_Shoot</verbClass>
        <hasStandardCommand>true</hasStandardCommand>
        <projectileDef>Bullet_PhaserHand</projectileDef>
		<burstShotCount>1</burstShotCount>
        <ticksBetweenBurstShots>1</ticksBetweenBurstShots>
        <warmupTime>1.0</warmupTime>
        <range>23</range>
        <soundCast>Phaser_blast1</soundCast>
        <soundCastTail>GunTail_Light</soundCastTail>
        <muzzleFlashScale>9</muzzleFlashScale>
      </li>
    </verbs>
  </ThingDef>
  
  
  <ThingDef ParentName="BaseStarfleetGun">
    <defName>Em33pistol</defName>
    <label>EM-33 Plasma Pistol</label>
    <description>An earlier design that is prone to maintenance issues, the EM-33 was designed to project a plasma pulse at short ranges. It is an efficient pistol with a high ammunition capacity with the potential for significant bodily harm.</description>
    <graphicData>
      <texPath>Things/Federation/Weapons/Em33</texPath>
      <graphicClass>Graphic_Single</graphicClass>
    </graphicData>
    <soundInteract>InteractPistol</soundInteract>
    <statBases>
      <WorkToMake>21000</WorkToMake>
	  <Mass>1.1</Mass>
      <MarketValue>500</MarketValue>
      <AccuracyTouch>0.35</AccuracyTouch>
      <AccuracyShort>0.9</AccuracyShort>
      <AccuracyMedium>0.75</AccuracyMedium>
      <AccuracyLong>0.55</AccuracyLong>
      <RangedWeapon_Cooldown>2</RangedWeapon_Cooldown>
    </statBases>
    <costList>
      <Steel>56</Steel>
      <Component>2</Component>
    </costList>
    <recipeMaker>
      <researchPrerequisite>StarfleetT1</researchPrerequisite>
    </recipeMaker>
    <weaponTags>
      <li>StarfleetT1</li>
    </weaponTags>
    <verbs>
      <li>
        <verbClass>Verb_Shoot</verbClass>
        <hasStandardCommand>true</hasStandardCommand>
        <projectileDef>Bullet_PulsePlasma</projectileDef>
		<burstShotCount>1</burstShotCount>
        <ticksBetweenBurstShots>1</ticksBetweenBurstShots>
        <warmupTime>0.5</warmupTime>
        <range>21</range>
        <soundCast>Phaser_blast4</soundCast>
        <soundCastTail>GunTail_Light</soundCastTail>
        <muzzleFlashScale>9</muzzleFlashScale>
      </li>
    </verbs>
  </ThingDef>
  <!-- ============================================== -->
  
  
  <ThingDef ParentName="BaseStarfleetGun">
    <defName>PhaserRifle</defName>
    <label>Compression Phaser Rifle</label>
    <description>A compression phaser rifle, commonly deployed to armed forces on starships or on the ground. Powerful. Phase blasts often result in deep, difficult to treat burns.</description>
    <graphicData>
      <texPath>Things/Federation/Weapons/PhaserRifle</texPath>
      <graphicClass>Graphic_Single</graphicClass>
    </graphicData>
    <soundInteract>InteractRifle</soundInteract>
    <statBases>
      <WorkToMake>32000</WorkToMake>
	  <Mass>4.4</Mass>
      <MarketValue>500</MarketValue>
      <AccuracyTouch>0.95</AccuracyTouch>
      <AccuracyShort>0.88</AccuracyShort>
      <AccuracyMedium>0.80</AccuracyMedium>
      <AccuracyLong>0.85</AccuracyLong>
      <RangedWeapon_Cooldown>2</RangedWeapon_Cooldown>
    </statBases>
    <costList>
      <Steel>80</Steel>
      <Component>5</Component>
    </costList>
    <recipeMaker>
      <researchPrerequisite>StarfleetT3</researchPrerequisite>
    </recipeMaker>
    <weaponTags>
      <li>StarfleetT2</li>
    </weaponTags>
    <verbs>
      <li>
        <verbClass>Verb_Shoot</verbClass>
        <hasStandardCommand>true</hasStandardCommand>
        <projectileDef>Bullet_PhaserRifle</projectileDef>
		<burstShotCount>1</burstShotCount>
        <ticksBetweenBurstShots>1</ticksBetweenBurstShots>
        <warmupTime>1</warmupTime>
        <range>40</range>
        <soundCast>Phaser_blast2</soundCast>
        <soundCastTail>GunTail_Light</soundCastTail>
        <muzzleFlashScale>9</muzzleFlashScale>
      </li>
    </verbs>
  </ThingDef>
  
    <ThingDef ParentName="BaseStarfleetGun">
    <defName>PhaserPulseRifle</defName>
    <label>Phased Pulse Rifle</label>
    <description>A phaser rifle that has been adapted to fire concentrated phased plasma pulses, commonly deployed to armed forces on starships or on the ground. Powerful. Phase blasts often result in deep, difficult to treat burns.</description>
    <graphicData>
      <texPath>Things/Federation/Weapons/PhaserPulseRifle</texPath>
      <graphicClass>Graphic_Single</graphicClass>
    </graphicData>
    <soundInteract>InteractRifle</soundInteract>
    <statBases>
      <WorkToMake>38000</WorkToMake>
	  <Mass>4.1</Mass>
      <MarketValue>750</MarketValue>
      <AccuracyTouch>0.35</AccuracyTouch>
      <AccuracyShort>0.95</AccuracyShort>
      <AccuracyMedium>0.85</AccuracyMedium>
      <AccuracyLong>0.80</AccuracyLong>
      <RangedWeapon_Cooldown>1</RangedWeapon_Cooldown>
    </statBases>
    <costList>
      <Steel>95</Steel>
      <Component>6</Component>
    </costList>
    <recipeMaker>
      <researchPrerequisite>StarfleetT4</researchPrerequisite>
    </recipeMaker>
    <weaponTags>
      <li>StarfleetT3</li>
    </weaponTags>
    <verbs>
      <li>
        <verbClass>Verb_Shoot</verbClass>
        <hasStandardCommand>true</hasStandardCommand>
        <projectileDef>Bullet_PhaserPulse</projectileDef>
		<burstShotCount>8</burstShotCount>
        <ticksBetweenBurstShots>15</ticksBetweenBurstShots>
        <warmupTime>4</warmupTime>
        <range>37</range>
        <soundCast>Phaser_blast3</soundCast>
        <soundCastTail>GunTail_Light</soundCastTail>
        <muzzleFlashScale>9</muzzleFlashScale>
      </li>
    </verbs>
  </ThingDef>
  
</ThingDefs>