﻿<?xml version="1.0" encoding="utf-8" ?>
<PawnKindDefs>

  <PawnKindDef Name="StarFleetTacticalBase">
    <defName>StarfleetTactical</defName>
    <label>starfleet tactical</label>
    <race>Human</race>
    <combatPower>70</combatPower>
    <baseRecruitDifficulty>0.30</baseRecruitDifficulty>
    <backstoryCategory>Civil</backstoryCategory>
    <defaultFactionType>Federation</defaultFactionType>
    <backstoryCryptosleepCommonality>1</backstoryCryptosleepCommonality>
    <forceNormalGearQuality>true</forceNormalGearQuality>
    <chemicalAddictionChance>0.08</chemicalAddictionChance>
    <gearHealthRange>
      <min>0.4</min>
      <max>1.4</max>
    </gearHealthRange>
    <apparelMoney>
      <min>1400</min>
      <max>3000</max>
    </apparelMoney>
    <apparelTags>
      <li>StarfleetTacticalApparel</li>
	  <li>StarfleetTacticalApparelCold</li>
    </apparelTags>
	<weaponMoney>
      <min>1000</min>
      <max>1000</max>
    </weaponMoney>
    <weaponTags>
      <li>StarfleetT2</li>
	  <li>StarfleetT3</li>
    </weaponTags>
    <apparelIgnoreSeasons>false</apparelIgnoreSeasons>
    <apparelAllowHeadwearChance>1</apparelAllowHeadwearChance>
  </PawnKindDef>
  
  <PawnKindDef Parent="StarfleetTacticalBase">
	<defName>StarfleetTacticalAndorian</defName>
	<race>Federation_Andorian_Race</race>
	<label>starfleet tactical</label>
	    <backstoryCategory>BackstoryAndorian</backstoryCategory>
    <defaultFactionType>Federation</defaultFactionType>
    <combatPower>65</combatPower>
	<apparelTags>
      <li>StarfleetTacticalApparel</li>
	  <li>StarfleetTacticalApparelCold</li>
    </apparelTags>
	    <apparelMoney>
      <min>1400</min>
      <max>3000</max>
    </apparelMoney>
		<weaponMoney>
      <min>1000</min>
      <max>1000</max>
    </weaponMoney>
    <weaponTags>
      <li>StarfleetT2</li>
	  <li>StarfleetT3</li>
    </weaponTags>
  </PawnKindDef>
  
  
  <PawnKindDef Name="StarFleetOperationsBase">
    <defName>StarfleetOperations</defName>
    <label>starfleet operations</label>
    <race>Human</race>
    <combatPower>70</combatPower>
    <baseRecruitDifficulty>0.30</baseRecruitDifficulty>
    <backstoryCategory>Civil</backstoryCategory>
    <defaultFactionType>Federation</defaultFactionType>
    <backstoryCryptosleepCommonality>1</backstoryCryptosleepCommonality>
    <forceNormalGearQuality>true</forceNormalGearQuality>
    <chemicalAddictionChance>0.08</chemicalAddictionChance>
    <gearHealthRange>
      <min>0.4</min>
      <max>1.4</max>
    </gearHealthRange>
    <apparelMoney>
      <min>1400</min>
      <max>3000</max>
    </apparelMoney>
    <apparelTags>
      <li>StarfleetOperationsApparel</li>
	  <li>StarfleetOperationsApparelCold</li>
    </apparelTags>
	<weaponMoney>
      <min>1000</min>
      <max>1000</max>
    </weaponMoney>
    <weaponTags>
      <li>StarfleetT1</li>
	  <li>StarfleetT2</li>
    </weaponTags>
    <apparelIgnoreSeasons>false</apparelIgnoreSeasons>
    <apparelAllowHeadwearChance>1</apparelAllowHeadwearChance>
  </PawnKindDef>
  
    
    <PawnKindDef Parent="StarfleetOperationsBase">
	<defName>StarfleetOperationsVulcan</defName>
	<race>Federation_Vulcan_Race</race>
	<backstoryCategory>BackstoryVulcan</backstoryCategory>
	<label>starfleet operations</label>
    <defaultFactionType>Federation</defaultFactionType>
    <combatPower>65</combatPower>
	<apparelTags>
      <li>StarfleetOperationsApparel</li>
	  <li>StarfleetOperationsApparelCold</li>
    </apparelTags>
	    <apparelMoney>
      <min>1400</min>
      <max>3000</max>
    </apparelMoney>
		<weaponMoney>
      <min>1000</min>
      <max>1000</max>
    </weaponMoney>
    <weaponTags>
      <li>StarfleetT1</li>
	  <li>StarfleetT2</li>
    </weaponTags>
  </PawnKindDef>
  
  <PawnKindDef Parent="StarfleetOperationsBase">
	<defName>StarfleetOperationsAndorian</defName>
	<race>Federation_Andorian_Race</race>
	<label>starfleet operations</label>
	<backstoryCategory>BackstoryAndorian</backstoryCategory>
    <defaultFactionType>Federation</defaultFactionType>
    <combatPower>65</combatPower>
	<apparelTags>
      <li>StarfleetOperationsApparel</li>
	  <li>StarfleetOperationsApparelCold</li>
    </apparelTags>
	    <apparelMoney>
      <min>1400</min>
      <max>3000</max>
    </apparelMoney>
		<weaponMoney>
      <min>1000</min>
      <max>1000</max>
    </weaponMoney>
    <weaponTags>
      <li>StarfleetT1</li>
	  <li>StarfleetT2</li>
    </weaponTags>
  </PawnKindDef>
  
  <PawnKindDef Name="StarFleetScienceBase">
    <defName>StarfleetScience</defName>
    <label>starfleet science</label>
    <race>Human</race>
    <combatPower>70</combatPower>
    <baseRecruitDifficulty>0.30</baseRecruitDifficulty>
    <backstoryCategory>Civil</backstoryCategory>
    <defaultFactionType>Federation</defaultFactionType>
    <backstoryCryptosleepCommonality>1</backstoryCryptosleepCommonality>
    <forceNormalGearQuality>true</forceNormalGearQuality>
    <chemicalAddictionChance>0.08</chemicalAddictionChance>
    <gearHealthRange>
      <min>0.4</min>
      <max>1.4</max>
    </gearHealthRange>
    <apparelMoney>
      <min>1400</min>
      <max>3000</max>
    </apparelMoney>
    <apparelTags>
      <li>StarfleetScienceApparel</li>
	  <li>StarfleetScienceApparelCold</li>
    </apparelTags>
	<weaponMoney>
      <min>1000</min>
      <max>1000</max>
    </weaponMoney>
    <weaponTags>
      <li>StarfleetT1</li>
    </weaponTags>
    <apparelIgnoreSeasons>false</apparelIgnoreSeasons>
    <apparelAllowHeadwearChance>1</apparelAllowHeadwearChance>
  </PawnKindDef>
  
    <PawnKindDef Parent="StarfleetScienceBase">
	<defName>StarfleetScienceVulcan</defName>
	<race>Federation_Vulcan_Race</race>
	<label>starfleet science</label>
		<backstoryCategory>BackstoryVulcan</backstoryCategory>
    <defaultFactionType>Federation</defaultFactionType>
    <combatPower>55</combatPower>
	<apparelTags>
      <li>StarfleetScienceApparel</li>
	  <li>StarfleetScienceApparelCold</li>
    </apparelTags>
	    <apparelMoney>
      <min>1400</min>
      <max>3000</max>
    </apparelMoney>
		<weaponMoney>
      <min>1000</min>
      <max>1000</max>
    </weaponMoney>
    <weaponTags>
      <li>StarfleetT1</li>
	  <li>StarfleetT2</li>
    </weaponTags>
  </PawnKindDef>
  
    <PawnKindDef Parent="StarfleetScienceBase">
	<defName>StarfleetScienceAndorian</defName>
	<race>Federation_Andorian_Race</race>
	<label>starfleet science</label>
	<backstoryCategory>BackstoryAndorian</backstoryCategory>
    <defaultFactionType>Federation</defaultFactionType>
    <combatPower>55</combatPower>
	<apparelTags>
      <li>StarfleetScienceApparel</li>
	  <li>StarfleetScienceApparelCold</li>
    </apparelTags>
	    <apparelMoney>
      <min>1400</min>
      <max>3000</max>
    </apparelMoney>
		<weaponMoney>
      <min>1000</min>
      <max>1000</max>
    </weaponMoney>
    <weaponTags>
      <li>StarfleetT1</li>
	  <li>StarfleetT2</li>
    </weaponTags>
  </PawnKindDef>
  
     <PawnKindDef Name="StarCommandBase">
    <defName>StarfleetCommand</defName>
    <label>starfleet officer</label>
    <race>Human</race>
    <combatPower>95</combatPower>
    <baseRecruitDifficulty>0.30</baseRecruitDifficulty>
    <backstoryCategory>Civil</backstoryCategory>
    <defaultFactionType>Federation</defaultFactionType>
    <backstoryCryptosleepCommonality>1</backstoryCryptosleepCommonality>
    <forceNormalGearQuality>true</forceNormalGearQuality>
    <chemicalAddictionChance>0.08</chemicalAddictionChance>
    <gearHealthRange>
      <min>0.4</min>
      <max>1.4</max>
    </gearHealthRange>
    <apparelMoney>
      <min>1400</min>
      <max>3000</max>
    </apparelMoney>
    <apparelTags>
      <li>StarfleetTacticalApparel</li>
	  <li>StarfleetTacticalApparelCold</li>
    </apparelTags>
	<weaponMoney>
      <min>1000</min>
      <max>1000</max>
    </weaponMoney>
    <weaponTags>
      <li>StarfleetT1</li>
	  <li>StarfleetT1</li>
	  <li>StarfleetT3</li>
    </weaponTags>
    <apparelIgnoreSeasons>false</apparelIgnoreSeasons>
    <apparelAllowHeadwearChance>0.0</apparelAllowHeadwearChance>
  </PawnKindDef>
  
</PawnKindDefs>