<?xml version="1.0" encoding="utf-8" ?>
<FactionDefs>

  <FactionDef>
		<defName>Federation</defName>
		<label>Federation Outpost</label>
		<description>A United Federation of Planets outpost. Many of these outposts are closer to a colony than any sort of military encampment - Research stations, refueling depots, and small colonies makeup the bulk of the outposts. Often manned by Survey or Colonization detachments from Starfleet.</description>
		<pawnsPlural>Starfleet</pawnsPlural>
		<requiredCountAtGameStart>1</requiredCountAtGameStart>
		<BaseSelectionWeight>.2</BaseSelectionWeight>
		<raidCommonality>45</raidCommonality>
		<canSiege>true</canSiege>
		<expandingIconTexture>Things/Federation/Items/Home</expandingIconTexture>
		<canStageAttacks>true</canStageAttacks>
		<leaderTitle>Captain</leaderTitle>
	<pawnNameMaker>NamerPersonFederation</pawnNameMaker>
    <startingGoodwill>
      <min>-50</min>
      <max>100</max>
    </startingGoodwill>
	 <naturalColonyGoodwill>
      <min>-2</min>
      <max>0</max>
    </naturalColonyGoodwill>
	<caravanTraderKinds>
      <li>Caravan_Federation_BulkGoods</li>
      <li>Caravan_Federation_CombatSupplier</li>
    </caravanTraderKinds>
    <visitorTraderKinds>
      <li>Visitor_Federation_Standard</li>
    </visitorTraderKinds>
    <BaseTraderKinds>
      <li>FactionBase_Federation_Standard</li>
    </BaseTraderKinds>
		<factionNameMaker>NamerFactionFederation</factionNameMaker>
		<BaseNameMaker>NamerFactionBaseFederation</BaseNameMaker>
		<techLevel>Spacer</techLevel>
		<backstoryCategory>Civil</backstoryCategory>
		<hairTags>
			<li>Rural</li>
		</hairTags>
	<pawnGroupMakers>
    	<li>
		<kindDef>Normal</kindDef>
        <options>
		<StarfleetTactical>50</StarfleetTactical>
		<StarfleetOperations>50</StarfleetOperations>
		<StarfleetScience>10</StarfleetScience>		
		<StarfleetTacticalAndorian>30</StarfleetTacticalAndorian>
		<StarfleetOperations>50</StarfleetOperations>
		<StarfleetOperationsVulcan>10</StarfleetOperationsVulcan>
		<StarfleetScience>10</StarfleetScience>	
		<StarfleetScienceVulcan>10</StarfleetScienceVulcan>
        </options>
      </li>
	        <li>
        <kindDef>Trader</kindDef>
        <traders>
          <TownTrader>1</TownTrader>
        </traders>
        <carriers>
          <Muffalo>1</Muffalo>
          <Dromedary>1</Dromedary>
        </carriers>
        <guards>
		<StarfleetTactical>50</StarfleetTactical>
		<StarfleetTacticalAndorian>50</StarfleetTacticalAndorian>
		<StarfleetOperations>50</StarfleetOperations>
		<StarfleetScience>20</StarfleetScience>		
		<StarfleetScienceVulcan>20</StarfleetScienceVulcan>
		<StarfleetCommand>1</StarfleetCommand>
        </guards>
      </li>
	  <li>
	  <kindDef>FactionBase</kindDef>
	  <options>
		<StarfleetTactical>30</StarfleetTactical>
		<StarfleetTacticalAndorian>30</StarfleetTacticalAndorian>
		<StarfleetOperations>50</StarfleetOperations>
		<StarfleetOperationsAndorian>30</StarfleetOperationsAndorian>
		<StarfleetScience>70</StarfleetScience>
		<StarfleetScienceVulcan>30</StarfleetScienceVulcan>
		<StarfleetCommand>1</StarfleetCommand>
		</options>
		</li>
	</pawnGroupMakers>
    <allowedArrivalTemperatureRange>
      <min>-5</min>
      <max>45</max>
    </allowedArrivalTemperatureRange>
    <homeIconPath>Things/Federation/Items/Home</homeIconPath>
  </FactionDef>
  
</FactionDefs>

   